Formatted Date,Summary,Precip Type,Temperature (C),Apparent Temperature ©,Humidity,Wind Speed (km/h),Wind Bearing (degrees),Visibility (km),Loud Cover,Pressure (millibars)
2006-04-01 00:00:00.000 +0200,Partly Cloudy,rain,9.472222222,7.388888889,0.89,14.1197,251,15.8263,0,1015.13
2006-04-01 01:00:00.000 +0200,Partly Cloudy,rain,9.355555556,7.227777778,0.86,14.2646,259,15.8263,0,1015.63
2006-04-01 02:00:00.000 +0200,Mostly Cloudy,rain,9.377777778,9.377777778,0.89,3.9284,204,14.9569,0,1015.94
2006-04-01 03:00:00.000 +0200,Partly Cloudy,rain,8.288888889,5.944444444,0.83,14.1036,269,15.8263,0,1016.41
2006-04-01 04:00:00.000 +0200,Mostly Cloudy,rain,8.755555556,6.977777778,0.83,11.0446,259,15.8263,0,1016.51
2006-04-01 05:00:00.000 +0200,Partly Cloudy,rain,9.222222222,7.111111111,0.85,13.9587,258,14.9569,0,1016.66
2006-04-01 06:00:00.000 +0200,Partly Cloudy,rain,7.733333333,5.522222222,0.95,12.3648,259,9.982,0,1016.72
2006-04-01 07:00:00.000 +0200,Partly Cloudy,rain,8.772222222,6.527777778,0.89,14.1519,260,9.982,0,1016.84
2006-04-01 08:00:00.000 +0200,Partly Cloudy,rain,10.82222222,10.82222222,0.82,11.3183,259,9.982,0,1017.37
2006-04-01 09:00:00.000 +0200,Partly Cloudy,rain,13.77222222,13.77222222,0.72,12.5258,279,9.982,0,1017.22
2006-04-01 10:00:00.000 +0200,Partly Cloudy,rain,16.01666667,16.01666667,0.67,17.5651,290,11.2056,0,1017.42
2006-04-01 11:00:00.000 +0200,Partly Cloudy,rain,17.14444444,17.14444444,0.54,19.7869,316,11.4471,0,1017.74
2006-04-01 12:00:00.000 +0200,Partly Cloudy,rain,17.8,17.8,0.55,21.9443,281,11.27,0,1017.59
2006-04-01 13:00:00.000 +0200,Partly Cloudy,rain,17.33333333,17.33333333,0.51,20.6885,289,11.27,0,1017.48
2006-04-01 14:00:00.000 +0200,Partly Cloudy,rain,18.87777778,18.87777778,0.47,15.3755,262,11.4471,0,1017.17
2006-04-01 15:00:00.000 +0200,Partly Cloudy,rain,18.91111111,18.91111111,0.46,10.4006,288,11.27,0,1016.47
2006-04-01 16:00:00.000 +0200,Partly Cloudy,rain,15.38888889,15.38888889,0.6,14.4095,251,11.27,0,1016.15
2006-04-01 17:00:00.000 +0200,Mostly Cloudy,rain,15.55,15.55,0.63,11.1573,230,11.4471,0,1016.17
2006-04-01 18:00:00.000 +0200,Mostly Cloudy,rain,14.25555556,14.25555556,0.69,8.5169,163,11.2056,0,1015.82
2006-04-01 19:00:00.000 +0200,Mostly Cloudy,rain,13.14444444,13.14444444,0.7,7.6314,139,11.2056,0,1015.83
2006-04-01 20:00:00.000 +0200,Mostly Cloudy,rain,11.55,11.55,0.77,7.3899,147,11.0285,0,1015.85
2006-04-01 21:00:00.000 +0200,Mostly Cloudy,rain,11.18333333,11.18333333,0.76,4.9266,160,9.982,0,1015.77
2006-04-01 22:00:00.000 +0200,Partly Cloudy,rain,10.11666667,10.11666667,0.79,6.6493,163,15.8263,0,1015.4
2006-04-01 23:00:00.000 +0200,Mostly Cloudy,rain,10.2,10.2,0.77,3.9284,152,14.9569,0,1015.51
2006-04-10 00:00:00.000 +0200,Partly Cloudy,rain,10.42222222,10.42222222,0.62,16.9855,150,15.8263,0,1014.4
2006-04-10 01:00:00.000 +0200,Partly Cloudy,rain,9.911111111,7.566666667,0.66,17.2109,149,15.8263,0,1014.2
2006-04-10 02:00:00.000 +0200,Mostly Cloudy,rain,11.18333333,11.18333333,0.8,10.8192,163,14.9569,0,1008.71
2006-04-10 03:00:00.000 +0200,Partly Cloudy,rain,7.155555556,5.044444444,0.79,11.0768,180,15.8263,0,1014.47
2006-04-10 04:00:00.000 +0200,Partly Cloudy,rain,6.111111111,4.816666667,0.82,6.6493,161,15.8263,0,1014.45
2006-04-10 05:00:00.000 +0200,Partly Cloudy,rain,6.788888889,4.272222222,0.83,13.0088,135,14.9569,0,1014.49
2006-04-10 06:00:00.000 +0200,Mostly Cloudy,rain,7.261111111,5.155555556,0.85,11.1734,141,6.1985,0,1014.52
2006-04-10 07:00:00.000 +0200,Mostly Cloudy,rain,7.8,5.527777778,0.83,12.8156,150,8.05,0,1014.16
2006-04-10 08:00:00.000 +0200,Mostly Cloudy,rain,9.872222222,7.933333333,0.78,13.7494,160,9.982,0,1014.24
2006-04-10 09:00:00.000 +0200,Mostly Cloudy,rain,12.22222222,12.22222222,0.72,15.6331,150,9.982,0,1014.25
2006-04-10 10:00:00.000 +0200,Mostly Cloudy,rain,15.09444444,15.09444444,0.61,17.549,151,9.982,0,1013.96
2006-04-10 11:00:00.000 +0200,Mostly Cloudy,rain,17.35555556,17.35555556,0.52,22.7815,169,9.982,0,1013.85
2006-04-10 12:00:00.000 +0200,Mostly Cloudy,rain,19.00555556,19.00555556,0.46,23.8924,169,9.982,0,1013.04
2006-04-10 13:00:00.000 +0200,Mostly Cloudy,rain,20.04444444,20.04444444,0.4,28.3682,170,9.982,0,1012.22
2006-04-10 14:00:00.000 +0200,Mostly Cloudy,rain,21.05,21.05,0.4,26.9031,187,10.3523,0,1011.44
2006-04-10 15:00:00.000 +0200,Mostly Cloudy,rain,21.18333333,21.18333333,0.37,25.6956,179,9.982,0,1010.52
2006-04-10 16:00:00.000 +0200,Mostly Cloudy,rain,20.11666667,20.11666667,0.4,25.3092,162,9.982,0,1009.83
2006-04-10 17:00:00.000 +0200,Mostly Cloudy,rain,20.21666667,20.21666667,0.36,18.1125,161,10.3523,0,1009.26
2006-04-10 18:00:00.000 +0200,Mostly Cloudy,rain,20,20,0.43,23.4255,160,9.982,0,1008.76
2006-04-10 19:00:00.000 +0200,Mostly Cloudy,rain,17.8,17.8,0.5,20.0445,150,11.2056,0,1008.36
2006-04-10 20:00:00.000 +0200,Mostly Cloudy,rain,16.06111111,16.06111111,0.53,21.3969,149,9.982,0,1008.11
2006-04-10 21:00:00.000 +0200,Mostly Cloudy,rain,15.02222222,15.02222222,0.55,21.3808,159,9.982,0,1008.15
2006-04-10 22:00:00.000 +0200,Overcast,rain,14.42222222,14.42222222,0.58,20.0123,159,15.8263,0,1007.85
2006-04-10 23:00:00.000 +0200,Overcast,rain,14.25555556,14.25555556,0.59,16.5025,168,14.9569,0,1007.89
2006-04-11 00:00:00.000 +0200,Overcast,rain,13.77222222,13.77222222,0.6,17.0982,160,15.8263,0,1007.36
2006-04-11 01:00:00.000 +0200,Overcast,rain,13.28333333,13.28333333,0.63,14.3612,160,15.8263,0,1007.26
2006-04-11 02:00:00.000 +0200,Overcast,rain,8.633333333,5.466666667,0.87,22.0409,32,6.6976,0,1005.1
2006-04-11 03:00:00.000 +0200,Overcast,rain,11.25,11.25,0.83,11.3344,152,15.8263,0,1007.01
2006-04-11 04:00:00.000 +0200,Overcast,rain,11.18333333,11.18333333,0.89,11.2056,180,9.9015,0,1006.73
2006-04-11 05:00:00.000 +0200,Overcast,rain,10.69444444,10.69444444,0.95,10.4006,161,6.6976,0,1006.59
2006-04-11 06:00:00.000 +0200,Mostly Cloudy,rain,11.11111111,11.11111111,0.93,12.0106,140,5.9731,0,1006.34
2006-04-11 07:00:00.000 +0200,Mostly Cloudy,rain,11.11111111,11.11111111,0.93,9.2092,103,10.8031,0,1006.09
2006-04-11 08:00:00.000 +0200,Partly Cloudy,rain,12.16666667,12.16666667,0.82,9.9015,113,10.6743,0,1005.97
2006-04-11 09:00:00.000 +0200,Partly Cloudy,rain,12.75555556,12.75555556,0.79,13.8299,129,10.8192,0,1005.63
2006-04-11 10:00:00.000 +0200,Partly Cloudy,rain,13.83888889,13.83888889,0.84,9.0965,159,10.8192,0,1005.83
2006-04-11 11:00:00.000 +0200,Partly Cloudy,rain,16.18333333,16.18333333,0.73,0.644,207,10.7548,0,1005.97
2006-04-11 12:00:00.000 +0200,Mostly Cloudy,rain,17.51666667,17.51666667,0.67,0.6762,153,10.8997,0,1005.64
2006-04-11 13:00:00.000 +0200,Mostly Cloudy,rain,17.38333333,17.38333333,0.67,3.864,4,10.8514,0,1005.2
2006-04-11 14:00:00.000 +0200,Mostly Cloudy,rain,17.36111111,17.36111111,0.71,7.8246,341,11.0768,0,1005.1
2006-04-11 15:00:00.000 +0200,Mostly Cloudy,rain,17.20555556,17.20555556,0.74,15.5848,15,10.8514,0,1004.65
2006-04-11 16:00:00.000 +0200,Mostly Cloudy,rain,15.63333333,15.63333333,0.81,23.6992,348,10.8836,0,1004.04
2006-04-11 17:00:00.000 +0200,Overcast,rain,13.57777778,13.57777778,0.9,20.9622,321,7.6153,0,1004.08
2006-04-11 18:00:00.000 +0200,Foggy,rain,10.91111111,10.91111111,0.86,22.3951,311,2.6565,0,1004.61
2006-04-11 19:00:00.000 +0200,Foggy,rain,8.8,5.294444444,0.99,26.5006,339,2.6565,0,1004.99
2006-04-11 20:00:00.000 +0200,Overcast,rain,8.961111111,5.777777778,0.93,23.2162,340,3.8157,0,1004.85
2006-04-11 21:00:00.000 +0200,Overcast,rain,8.2,4.605555556,0.96,25.4219,330,4.4919,0,1004.96
2006-04-11 22:00:00.000 +0200,Overcast,rain,7.688888889,3.722222222,0.96,28.1267,339,4.4436,0,1005.14
2006-04-11 23:00:00.000 +0200,Overcast,rain,7.766666667,4.65,0.96,19.2878,339,5.6833,0,1005.05
2006-04-12 00:00:00.000 +0200,Foggy,rain,8.2,5.072222222,0.96,20.447,341,3.1073,0,1004.8
2006-04-12 01:00:00.000 +0200,Foggy,rain,8.177777778,4.372222222,0.93,27.8691,19,3.2039,0,1004.89
2006-04-12 02:00:00.000 +0200,Mostly Cloudy,rain,7.311111111,6.183333333,0.82,6.7459,277,14.0553,0,1007
2006-04-12 03:00:00.000 +0200,Overcast,rain,7.644444444,5.038888889,0.93,14.9086,9,6.118,0,1004.3
2006-04-12 04:00:00.000 +0200,Overcast,rain,6.622222222,2.616666667,0.93,25.0355,0,6.118,0,1003.68
2006-04-12 05:00:00.000 +0200,Overcast,rain,6.683333333,3.222222222,0.93,19.8352,350,6.1663,0,1003.86
2006-04-12 06:00:00.000 +0200,Overcast,rain,6.088888889,1.65,0.93,28.0945,349,7.9695,0,1003.57
2006-04-12 07:00:00.000 +0200,Overcast,rain,6.066666667,1.633333333,0.93,27.9818,348,6.3434,0,1003.96
2006-04-12 08:00:00.000 +0200,Breezy and Mostly Cloudy,rain,6.144444444,1.494444444,0.93,30.8637,349,10.5455,0,1004.1
2006-04-12 09:00:00.000 +0200,Breezy and Mostly Cloudy,rain,7.133333333,2.688888889,0.8,32.1678,349,11.2056,0,1004.26
2006-04-12 10:00:00.000 +0200,Overcast,rain,7.205555556,3.233333333,0.86,26.5328,339,11.27,0,1004.18
2006-04-12 11:00:00.000 +0200,Mostly Cloudy,rain,7.566666667,3.544444444,0.84,28.336,339,10.5455,0,1004.23
2006-04-12 12:00:00.000 +0200,Mostly Cloudy,rain,8.9,5.161111111,0.77,29.8333,348,11.27,0,1004.47
2006-04-12 13:00:00.000 +0200,Mostly Cloudy,rain,9.961111111,6.644444444,0.71,28.4809,339,11.27,0,1004.52
2006-04-12 14:00:00.000 +0200,Mostly Cloudy,rain,9.888888889,6.55,0.71,28.5131,338,11.0768,0,1004.29
2006-04-12 15:00:00.000 +0200,Mostly Cloudy,rain,11.06666667,11.06666667,0.71,25.6956,320,11.27,0,1003.93
2006-04-12 16:00:00.000 +0200,Overcast,rain,10.11666667,10.11666667,0.76,25.3414,311,11.27,0,1004
2006-04-12 17:00:00.000 +0200,Overcast,rain,11.03888889,11.03888889,0.66,21.413,311,9.982,0,1004.3
2006-04-12 18:00:00.000 +0200,Overcast,rain,10.65,10.65,0.7,17.8549,310,14.9086,0,1004
2006-04-12 19:00:00.000 +0200,Overcast,rain,10.05,10.05,0.7,15.1984,328,9.982,0,1004.39
2006-04-12 20:00:00.000 +0200,Mostly Cloudy,rain,9.9,7.716666667,0.66,15.7297,348,11.0285,0,1005.48
2006-04-12 21:00:00.000 +0200,Overcast,rain,8.794444444,6.816666667,0.71,12.3648,20,9.982,0,1005.89
2006-04-12 22:00:00.000 +0200,Mostly Cloudy,rain,7.827777778,5.405555556,0.72,13.8943,28,15.8263,0,1006.37
2006-04-12 23:00:00.000 +0200,Overcast,rain,7.855555556,6.122222222,0.72,9.8049,11,15.0052,0,1006.56
2006-04-13 00:00:00.000 +0200,Mostly Cloudy,rain,7.316666667,6.211111111,0.75,6.6654,326,15.8746,0,1007.07
2006-04-13 01:00:00.000 +0200,Overcast,rain,7.244444444,6.005555556,0.75,7.1162,309,15.8746,0,1007.37
2006-04-13 02:00:00.000 +0200,Partly Cloudy,rain,5.438888889,5.438888889,0.88,3.7191,193,9.982,0,1012.23
2006-04-13 03:00:00.000 +0200,Overcast,rain,7.2,4.55,0.76,14.4739,273,15.8263,0,1007.28
2006-04-13 04:00:00.000 +0200,Overcast,rain,6.688888889,3.161111111,0.7,20.5275,300,15.8263,0,1007.18
2006-04-13 05:00:00.000 +0200,Overcast,rain,6.211111111,2.694444444,0.73,19.3039,309,14.9569,0,1007.39
2006-04-13 06:00:00.000 +0200,Overcast,rain,6.111111111,2.8,0.76,17.4363,300,9.982,0,1007.67
2006-04-13 07:00:00.000 +0200,Overcast,rain,6.111111111,2.438888889,0.76,20.4148,300,9.982,0,1007.98
2006-04-13 08:00:00.000 +0200,Overcast,rain,6.172222222,2.922222222,0.76,17.0499,307,9.982,0,1008.57
2006-04-13 09:00:00.000 +0200,Overcast,rain,7.222222222,3.833333333,0.71,20.5114,319,9.982,0,1008.87
2006-04-13 10:00:00.000 +0200,Overcast,rain,7.288888889,4.244444444,0.73,17.6456,328,9.982,0,1009.44
2006-04-13 11:00:00.000 +0200,Overcast,rain,7.405555556,4.816666667,0.72,14.4095,318,9.982,0,1010.03
2006-04-13 12:00:00.000 +0200,Overcast,rain,7.961111111,6.072222222,0.7,10.7548,321,10.0464,0,1010.22
2006-04-13 13:00:00.000 +0200,Overcast,rain,8.033333333,7.583333333,0.7,4.8622,349,10.0464,0,1010.39
2006-04-13 14:00:00.000 +0200,Overcast,rain,9.077777778,9.077777778,0.65,2.3828,348,10.0303,0,1010.24
2006-04-13 15:00:00.000 +0200,Overcast,rain,9.05,9.05,0.62,0.322,243,9.982,0,1010
2006-04-13 16:00:00.000 +0200,Overcast,rain,9.05,9.05,0.65,3.2522,177,11.2056,0,1009.98
2006-04-13 17:00:00.000 +0200,Overcast,rain,9.183333333,9.183333333,0.65,3.0107,170,11.0285,0,1010.05
2006-04-13 18:00:00.000 +0200,Overcast,rain,9.072222222,7.455555556,0.7,10.465,172,9.982,0,1010.1
2006-04-13 19:00:00.000 +0200,Overcast,rain,7.983333333,6.811111111,0.75,7.3416,172,9.982,0,1010.39
2006-04-13 20:00:00.000 +0200,Overcast,rain,8.072222222,6.433333333,0.75,9.5151,150,9.982,0,1010.91
2006-04-13 21:00:00.000 +0200,Overcast,rain,7.894444444,6.127777778,0.82,9.9981,142,9.982,0,1011.32
2006-04-13 22:00:00.000 +0200,Overcast,rain,7.311111111,4.805555556,0.83,13.685,141,11.9784,0,1011.61
2006-04-13 23:00:00.000 +0200,Mostly Cloudy,rain,7.338888889,5.183333333,0.84,11.5437,141,14.168,0,1011.97
2006-04-14 00:00:00.000 +0200,Mostly Cloudy,rain,6.622222222,4.111111111,0.85,12.719,142,14.9086,0,1012.22
2006-04-14 01:00:00.000 +0200,Partly Cloudy,rain,6.066666667,3.411111111,0.88,12.8961,130,14.9086,0,1012.74
2006-04-14 02:00:00.000 +0200,Partly Cloudy,rain,8.338888889,8.338888889,0.88,0.6923,359,15.0052,0,1015.35
2006-04-14 03:00:00.000 +0200,Mostly Cloudy,rain,5.183333333,4.111111111,0.91,5.5384,166,9.982,0,1013.29
2006-04-14 04:00:00.000 +0200,Mostly Cloudy,rain,3.722222222,2.566666667,0.94,5.2003,145,9.982,0,1013.39
2006-04-14 05:00:00.000 +0200,Mostly Cloudy,rain,4.855555556,3.705555556,0.93,5.6189,170,5.9248,0,1013.45
2006-04-14 06:00:00.000 +0200,Foggy,rain,5.211111111,5.211111111,0.92,4.7656,178,1.2236,0,1013.4
2006-04-14 07:00:00.000 +0200,Overcast,rain,6.255555556,4.638888889,0.92,7.9212,223,7.2128,0,1013.81
2006-04-14 08:00:00.000 +0200,Mostly Cloudy,rain,7.794444444,6.055555556,0.87,9.7566,240,10.6743,0,1014.7
2006-04-14 09:00:00.000 +0200,Mostly Cloudy,rain,10.05,10.05,0.76,9.6922,231,11.2056,0,1014.67
2006-04-14 10:00:00.000 +0200,Mostly Cloudy,rain,12.2,12.2,0.66,14.49,230,9.982,0,1014.66
2006-04-14 11:00:00.000 +0200,Mostly Cloudy,rain,12.7,12.7,0.63,20.3343,214,11.0285,0,1014.8
2006-04-14 12:00:00.000 +0200,Partly Cloudy,rain,13.93333333,13.93333333,0.58,23.5865,222,11.27,0,1014.47
2006-04-14 13:00:00.000 +0200,Partly Cloudy,rain,15.09444444,15.09444444,0.59,22.2985,241,11.27,0,1014.16
2006-04-14 14:00:00.000 +0200,Mostly Cloudy,rain,15.15,15.15,0.5,14.7154,235,11.4471,0,1014.07
2006-04-14 15:00:00.000 +0200,Partly Cloudy,rain,16.17777778,16.17777778,0.44,14.49,238,11.27,0,1013.34
2006-04-14 16:00:00.000 +0200,Partly Cloudy,rain,16.25,16.25,0.55,14.7154,211,11.27,0,1012.72
2006-04-14 17:00:00.000 +0200,Partly Cloudy,rain,16.29444444,16.29444444,0.5,19.5937,221,11.4471,0,1012.38
2006-04-14 18:00:00.000 +0200,Partly Cloudy,rain,16.1,16.1,0.56,14.8281,215,11.1251,0,1012.38
2006-04-14 19:00:00.000 +0200,Partly Cloudy,rain,12.95555556,12.95555556,0.68,11.9784,224,11.27,0,1012.72
2006-04-14 20:00:00.000 +0200,Mostly Cloudy,rain,13.85,13.85,0.64,11.5598,231,11.4471,0,1013.42
2006-04-14 21:00:00.000 +0200,Mostly Cloudy,rain,12.77777778,12.77777778,0.69,14.2485,358,10.0464,0,1014.41
2006-04-14 22:00:00.000 +0200,Mostly Cloudy,rain,12.15,12.15,0.72,11.2539,8,15.8746,0,1014.89
2006-04-14 23:00:00.000 +0200,Mostly Cloudy,rain,10.67777778,10.67777778,0.81,5.7799,59,15.0052,0,1014.91
2006-04-15 00:00:00.000 +0200,Mostly Cloudy,rain,10.44444444,10.44444444,0.83,2.6404,63,15.8746,0,1014.75
2006-04-15 01:00:00.000 +0200,Mostly Cloudy,rain,9.822222222,9.466666667,0.8,5.313,65,15.8746,0,1015.55
2006-04-15 02:00:00.000 +0200,Mostly Cloudy,rain,11.02777778,11.02777778,0.74,11.3827,146,14.9569,0,1015.7
2006-04-15 03:00:00.000 +0200,Mostly Cloudy,rain,7.138888889,7.138888889,0.93,3.6547,305,14.9086,0,1016.43
2006-04-15 04:00:00.000 +0200,Mostly Cloudy,rain,7.622222222,5.644444444,0.89,10.8675,327,14.9086,0,1016.56
2006-04-15 05:00:00.000 +0200,Mostly Cloudy,rain,7.627777778,6.611111111,0.86,6.5205,319,13.3791,0,1017.15
2006-04-15 06:00:00.000 +0200,Mostly Cloudy,rain,7.044444444,4.855555556,0.86,11.3988,271,9.982,0,1017.37
2006-04-15 07:00:00.000 +0200,Partly Cloudy,rain,8.6,7.038888889,0.84,9.66,297,9.982,0,1018.25
2006-04-15 08:00:00.000 +0200,Partly Cloudy,rain,9.65,7.383333333,0.84,15.9551,289,9.982,0,1019.24
2006-04-15 09:00:00.000 +0200,Partly Cloudy,rain,12.10555556,12.10555556,0.72,13.1698,310,9.982,0,1019.83
2006-04-15 10:00:00.000 +0200,Partly Cloudy,rain,12.77777778,12.77777778,0.71,13.1698,301,11.2056,0,1020.51
2006-04-15 11:00:00.000 +0200,Partly Cloudy,rain,13.81111111,13.81111111,0.65,9.6761,307,11.4471,0,1020.91
2006-04-15 12:00:00.000 +0200,Partly Cloudy,rain,16.01666667,16.01666667,0.48,11.2378,307,11.27,0,1020.6
2006-04-15 13:00:00.000 +0200,Partly Cloudy,rain,17.12777778,17.12777778,0.47,12.7029,308,11.27,0,1020.39
2006-04-15 14:00:00.000 +0200,Partly Cloudy,rain,17.14444444,17.14444444,0.43,10.6099,279,11.4471,0,1020.34
2006-04-15 15:00:00.000 +0200,Mostly Cloudy,rain,17.77777778,17.77777778,0.4,7.9534,272,11.2056,0,1019.7
2006-04-15 16:00:00.000 +0200,Mostly Cloudy,rain,17.77777778,17.77777778,0.37,2.5921,351,11.2056,0,1018.89
2006-04-15 17:00:00.000 +0200,Mostly Cloudy,rain,17.80555556,17.80555556,0.43,11.0124,175,10.3523,0,1018.48
2006-04-15 18:00:00.000 +0200,Mostly Cloudy,rain,16.15555556,16.15555556,0.52,9.1931,172,9.982,0,1017.87
2006-04-15 19:00:00.000 +0200,Mostly Cloudy,rain,14.05,14.05,0.63,9.1609,160,9.982,0,1017.56
2006-04-15 20:00:00.000 +0200,Mostly Cloudy,rain,13.08888889,13.08888889,0.67,9.2736,138,9.982,0,1017.38
2006-04-15 21:00:00.000 +0200,Mostly Cloudy,rain,12.28888889,12.28888889,0.72,9.4507,141,9.982,0,1017.58
2006-04-15 22:00:00.000 +0200,Overcast,rain,12.77777778,12.77777778,0.66,11.0768,141,15.8263,0,1017.65
2006-04-15 23:00:00.000 +0200,Overcast,rain,12.72777778,12.72777778,0.67,13.3791,149,14.9569,0,1017.36
2006-04-16 00:00:00.000 +0200,Overcast,rain,12.26666667,12.26666667,0.69,14.1358,151,15.8263,0,1016.8
2006-04-16 01:00:00.000 +0200,Overcast,rain,11.71111111,11.71111111,0.71,11.3183,158,15.8263,0,1016.64
2006-04-16 02:00:00.000 +0200,Partly Cloudy,rain,10.82777778,10.82777778,0.86,9.177,259,14.168,0,1013.13
2006-04-16 03:00:00.000 +0200,Overcast,rain,12.2,12.2,0.59,14.168,141,15.8263,0,1014.79
2006-04-16 04:00:00.000 +0200,Overcast,rain,12.2,12.2,0.6,14.2968,151,15.8263,0,1014.25
2006-04-16 05:00:00.000 +0200,Overcast,rain,11.68888889,11.68888889,0.68,13.8299,152,14.9569,0,1013.95
2006-04-16 06:00:00.000 +0200,Overcast,rain,11.20555556,11.20555556,0.77,14.007,132,9.982,0,1013.63
2006-04-16 07:00:00.000 +0200,Mostly Cloudy,rain,11.13333333,11.13333333,0.77,15.4882,150,9.982,0,1013.27
2006-04-16 08:00:00.000 +0200,Mostly Cloudy,rain,11.43888889,11.43888889,0.77,13.8782,163,10.3523,0,1013.56
2006-04-16 09:00:00.000 +0200,Mostly Cloudy,rain,13.03333333,13.03333333,0.81,14.4578,209,9.982,0,1012.85
2006-04-16 10:00:00.000 +0200,Mostly Cloudy,rain,17.24444444,17.24444444,0.62,25.0194,221,11.27,0,1012.15
2006-04-16 11:00:00.000 +0200,Mostly Cloudy,rain,17.73888889,17.73888889,0.53,27.37,230,11.4471,0,1011.71
2006-04-16 12:00:00.000 +0200,Overcast,rain,17.84444444,17.84444444,0.56,22.218,251,11.27,0,1011.28
2006-04-16 13:00:00.000 +0200,Mostly Cloudy,rain,18.86111111,18.86111111,0.56,23.5382,250,11.27,0,1010.99
2006-04-16 14:00:00.000 +0200,Overcast,rain,18.66666667,18.66666667,0.56,19.8996,240,11.3988,0,1010.93
2006-04-16 15:00:00.000 +0200,Overcast,rain,17.82222222,17.82222222,0.56,17.5007,243,11.27,0,1010.7
2006-04-16 16:00:00.000 +0200,Overcast,rain,17.8,17.8,0.59,17.6939,281,11.27,0,1010.52
2006-04-16 17:00:00.000 +0200,Mostly Cloudy,rain,17.35,17.35,0.57,19.5615,295,11.3988,0,1010.69
2006-04-16 18:00:00.000 +0200,Mostly Cloudy,rain,16.06666667,16.06666667,0.67,21.8155,280,11.2056,0,1010.86
2006-04-16 19:00:00.000 +0200,Mostly Cloudy,rain,14.93333333,14.93333333,0.73,17.2753,280,11.2056,0,1011.14
2006-04-16 20:00:00.000 +0200,Mostly Cloudy,rain,13.92222222,13.92222222,0.78,11.7691,279,11.2861,0,1011.64
2006-04-16 21:00:00.000 +0200,Mostly Cloudy,rain,12.75555556,12.75555556,0.84,11.0446,270,11.0768,0,1012.02
2006-04-16 22:00:00.000 +0200,Mostly Cloudy,rain,12.75555556,12.75555556,0.84,11.0607,277,15.6975,0,1012.21
2006-04-16 23:00:00.000 +0200,Mostly Cloudy,rain,12.37222222,12.37222222,0.86,7.2933,239,14.8764,0,1012.33
2006-04-17 00:00:00.000 +0200,Mostly Cloudy,rain,11.18333333,11.18333333,0.93,6.923,241,15.8263,0,1012.6
2006-04-17 01:00:00.000 +0200,Mostly Cloudy,rain,11.66666667,11.66666667,0.9,11.1734,242,15.8263,0,1012.8
2006-04-17 02:00:00.000 +0200,Partly Cloudy,rain,8.977777778,7.366666667,0.95,10.3201,266,6.8425,0,1012.66
2006-04-17 03:00:00.000 +0200,Mostly Cloudy,rain,10.57777778,10.57777778,0.93,11.1734,278,14.9086,0,1012.32
2006-04-17 04:00:00.000 +0200,Mostly Cloudy,rain,10.53333333,10.53333333,0.89,14.007,269,14.9086,0,1012.33
2006-04-17 05:00:00.000 +0200,Mostly Cloudy,rain,10.58888889,10.58888889,0.87,7.2933,269,14.168,0,1012.55
2006-04-17 06:00:00.000 +0200,Mostly Cloudy,rain,9.983333333,9.283333333,0.89,6.7298,297,15.8263,0,1012.71
2006-04-17 07:00:00.000 +0200,Mostly Cloudy,rain,11.02222222,11.02222222,0.86,7.889,307,9.982,0,1013.01
2006-04-17 08:00:00.000 +0200,Partly Cloudy,rain,13.53888889,13.53888889,0.75,11.8657,305,9.982,0,1013.23
2006-04-17 09:00:00.000 +0200,Partly Cloudy,rain,13.88888889,13.88888889,0.68,20.0123,308,11.2056,0,1013.31
2006-04-17 10:00:00.000 +0200,Partly Cloudy,rain,15,15,0.67,17.5812,300,11.2056,0,1013.4
2006-04-17 11:00:00.000 +0200,Partly Cloudy,rain,17.18333333,17.18333333,0.57,15.9551,319,11.4471,0,1013.27
2006-04-17 12:00:00.000 +0200,Mostly Cloudy,rain,16.2,16.2,0.62,16.3093,309,11.27,0,1013.02
2006-04-17 13:00:00.000 +0200,Mostly Cloudy,rain,17.75,17.75,0.56,17.7744,290,11.2056,0,1013.03
2006-04-17 14:00:00.000 +0200,Mostly Cloudy,rain,18.40555556,18.40555556,0.54,19.0785,297,15.3594,0,1012.55
2006-04-17 15:00:00.000 +0200,Partly Cloudy,rain,17.82222222,17.82222222,0.59,17.5973,319,11.27,0,1012.03
2006-04-17 16:00:00.000 +0200,Partly Cloudy,rain,17.31111111,17.31111111,0.57,20.3343,310,11.27,0,1011.81
2006-04-17 17:00:00.000 +0200,Partly Cloudy,rain,17.50555556,17.50555556,0.55,13.7172,316,11.4471,0,1011.33
2006-04-17 18:00:00.000 +0200,Mostly Cloudy,rain,17.26666667,17.26666667,0.54,14.3773,309,9.982,0,1011.2
2006-04-17 19:00:00.000 +0200,Mostly Cloudy,rain,15.13888889,15.13888889,0.61,10.8997,310,9.982,0,1011.5
2006-04-17 20:00:00.000 +0200,Mostly Cloudy,rain,13.25,13.25,0.69,4.7173,325,9.982,0,1011.76
2006-04-17 21:00:00.000 +0200,Partly Cloudy,rain,12.29444444,12.29444444,0.72,4.669,282,9.982,0,1012.01
2006-04-17 22:00:00.000 +0200,Partly Cloudy,rain,10.7,10.7,0.79,3.5742,281,15.8263,0,1012.31
2006-04-17 23:00:00.000 +0200,Partly Cloudy,rain,9.855555556,9.388888889,0.85,5.7477,274,14.9569,0,1012.51
2006-04-18 00:00:00.000 +0200,Partly Cloudy,rain,9.522222222,7.861111111,0.88,11.27,280,11.9784,0,1012.52
2006-04-18 01:00:00.000 +0200,Partly Cloudy,rain,8.405555556,8.405555556,0.92,3.1234,255,11.9784,0,1012.61
2006-04-18 02:00:00.000 +0200,Mostly Cloudy,rain,13.01111111,13.01111111,0.82,9.6278,46,14.9569,0,1011.27
2006-04-18 03:00:00.000 +0200,Partly Cloudy,rain,7.733333333,7.733333333,0.96,3.4293,277,4.2987,0,1012.54
2006-04-18 04:00:00.000 +0200,Partly Cloudy,rain,6.138888889,6.138888889,0.96,3.3488,284,4.1216,0,1012.44
2006-04-18 05:00:00.000 +0200,Partly Cloudy,rain,6.472222222,6.472222222,0.95,2.9946,283,4.7656,0,1012.62
2006-04-18 06:00:00.000 +0200,Foggy,rain,6.627777778,6.627777778,0.96,3.3005,313,2.9302,0,1012.75
2006-04-18 07:00:00.000 +0200,Clear,rain,8.688888889,8.688888889,0.93,1.4329,290,5.8443,0,1012.96
2006-04-18 08:00:00.000 +0200,Partly Cloudy,rain,11.99444444,11.99444444,0.81,2.415,345,9.6117,0,1013.38
2006-04-18 09:00:00.000 +0200,Partly Cloudy,rain,13.76666667,13.76666667,0.78,4.1538,16,9.6761,0,1013.14
2006-04-18 10:00:00.000 +0200,Partly Cloudy,rain,15.08888889,15.08888889,0.77,7.3738,332,9.9015,0,1013.33
2006-04-18 11:00:00.000 +0200,Partly Cloudy,rain,16.45555556,16.45555556,0.68,7.8085,350,11.0768,0,1013.56
2006-04-18 12:00:00.000 +0200,Partly Cloudy,rain,17.31111111,17.31111111,0.62,7.3738,330,11.27,0,1013.61
2006-04-18 13:00:00.000 +0200,Partly Cloudy,rain,17.87222222,17.87222222,0.64,8.372,12,11.27,0,1013.11
2006-04-18 14:00:00.000 +0200,Partly Cloudy,rain,19.03888889,19.03888889,0.47,7.0679,39,11.4471,0,1012.69
2006-04-18 15:00:00.000 +0200,Partly Cloudy,rain,18.97777778,18.97777778,0.51,10.8675,3,11.27,0,1012.2
2006-04-18 16:00:00.000 +0200,Partly Cloudy,rain,19.00555556,19.00555556,0.55,4.8139,9,11.2056,0,1011.7
2006-04-18 17:00:00.000 +0200,Mostly Cloudy,rain,19.01111111,19.01111111,0.53,4.7978,33,11.3988,0,1011.4
2006-04-18 18:00:00.000 +0200,Mostly Cloudy,rain,17.86666667,17.86666667,0.64,10.9319,24,11.2056,0,1011.32
2006-04-18 19:00:00.000 +0200,Mostly Cloudy,rain,17.26666667,17.26666667,0.62,10.8514,33,9.982,0,1011.23
2006-04-18 20:00:00.000 +0200,Mostly Cloudy,rain,16.18888889,16.18888889,0.61,5.0876,25,10.3523,0,1011.5
2006-04-18 21:00:00.000 +0200,Mostly Cloudy,rain,14.88333333,14.88333333,0.72,9.177,32,9.982,0,1012.05
2006-04-18 22:00:00.000 +0200,Mostly Cloudy,rain,14.32777778,14.32777778,0.75,10.9319,31,15.8263,0,1012.15
2006-04-18 23:00:00.000 +0200,Overcast,rain,14.51111111,14.51111111,0.75,6.3756,47,14.9569,0,1012.09
2006-04-19 00:00:00.000 +0200,Overcast,rain,14.37222222,14.37222222,0.75,6.5366,67,15.8263,0,1011.83
2006-04-19 01:00:00.000 +0200,Overcast,rain,14.87777778,14.87777778,0.72,14.2163,60,15.8263,0,1011.45
2006-04-19 02:00:00.000 +0200,Foggy,rain,10.40555556,10.40555556,0.92,3.6064,144,2.0125,0,1012.05
2006-04-19 03:00:00.000 +0200,Overcast,rain,12.82222222,12.82222222,0.83,8.4364,57,11.2056,0,1011.18
2006-04-19 04:00:00.000 +0200,Overcast,rain,12.8,12.8,0.85,14.4256,31,14.9086,0,1010.07
2006-04-19 05:00:00.000 +0200,Overcast,rain,12.82777778,12.82777778,0.86,13.8943,12,14.168,0,1009.83
2006-04-19 06:00:00.000 +0200,Overcast,rain,12.26666667,12.26666667,0.85,15.778,12,11.2056,0,1009.8
2006-04-19 07:00:00.000 +0200,Overcast,rain,12.26666667,12.26666667,0.85,15.5848,2,11.27,0,1009.99
2006-04-19 08:00:00.000 +0200,Mostly Cloudy,rain,12.18333333,12.18333333,0.82,12.3809,11,11.0768,0,1010.21
2006-04-19 09:00:00.000 +0200,Overcast,rain,12.17222222,12.17222222,0.8,20.3826,11,11.27,0,1010.41
2006-04-19 10:00:00.000 +0200,Overcast,rain,12.71111111,12.71111111,0.83,22.0892,19,11.27,0,1010.33
2006-04-19 11:00:00.000 +0200,Mostly Cloudy,rain,15.60555556,15.60555556,0.78,22.3468,18,10.3523,0,1010.43
2006-04-19 12:00:00.000 +0200,Mostly Cloudy,rain,16.02222222,16.02222222,0.78,18.0642,20,11.2056,0,1010.29
2006-04-19 13:00:00.000 +0200,Mostly Cloudy,rain,17.2,17.2,0.67,17.6456,48,11.2056,0,1010.1
2006-04-19 14:00:00.000 +0200,Overcast,rain,17.21666667,17.21666667,0.71,14.0875,46,11.0285,0,1009.96
2006-04-19 15:00:00.000 +0200,Mostly Cloudy,rain,17.82777778,17.82777778,0.69,13.4113,29,11.2056,0,1009.86
2006-04-19 16:00:00.000 +0200,Mostly Cloudy,rain,17.82777778,17.82777778,0.69,14.6188,19,11.2056,0,1009.47
2006-04-19 17:00:00.000 +0200,Partly Cloudy,rain,17.73333333,17.73333333,0.69,9.2414,340,11.0285,0,1009.63
2006-04-19 18:00:00.000 +0200,Mostly Cloudy,rain,16.27222222,16.27222222,0.71,23.0713,39,11.2056,0,1009.39
2006-04-19 19:00:00.000 +0200,Overcast,rain,13.16666667,13.16666667,0.93,3.7674,335,5.2164,0,1011.07
2006-04-19 20:00:00.000 +0200,Overcast,rain,13.25555556,13.25555556,0.93,3.1395,228,8.05,0,1011.23
2006-04-19 21:00:00.000 +0200,Overcast,rain,13.01111111,13.01111111,0.93,10.3362,274,9.982,0,1011.35
2006-04-19 22:00:00.000 +0200,Mostly Cloudy,rain,12.45555556,12.45555556,0.91,5.796,310,14.9086,0,1011.67
2006-04-19 23:00:00.000 +0200,Mostly Cloudy,rain,12.48888889,12.48888889,0.9,9.8854,315,14.5866,0,1011.76
2006-04-02 00:00:00.000 +0200,Mostly Cloudy,rain,9.555555556,8.85,0.8,6.4883,146,15.8263,0,1015.68
2006-04-02 01:00:00.000 +0200,Mostly Cloudy,rain,10.62222222,10.62222222,0.79,14.0231,160,15.8263,0,1015.41
2006-04-02 02:00:00.000 +0200,Partly Cloudy,rain,8.722222222,8.722222222,0.93,4.5724,40,11.3988,0,1014.98
2006-04-02 03:00:00.000 +0200,Mostly Cloudy,rain,10.53333333,10.53333333,0.77,10.7709,143,15.8263,0,1015.18
2006-04-02 04:00:00.000 +0200,Mostly Cloudy,rain,9.444444444,8.705555556,0.83,6.5366,133,15.8263,0,1014.7
2006-04-02 05:00:00.000 +0200,Mostly Cloudy,rain,9.888888889,9.327777778,0.83,6.0858,163,14.9569,0,1014.64
2006-04-02 06:00:00.000 +0200,Mostly Cloudy,rain,10.36666667,10.36666667,0.78,10.7065,136,15.8263,0,1014.31
2006-04-02 07:00:00.000 +0200,Partly Cloudy,rain,8.888888889,7.233333333,0.89,10.4972,158,11.2056,0,1014.63
2006-04-02 08:00:00.000 +0200,Partly Cloudy,rain,9.977777778,8.994444444,0.84,8.0017,151,11.0285,0,1014.82
2006-04-02 09:00:00.000 +0200,Mostly Cloudy,rain,12.2,12.2,0.73,2.4633,355,9.982,0,1014.82
2006-04-02 10:00:00.000 +0200,Mostly Cloudy,rain,13.96111111,13.96111111,0.67,9.3058,123,9.982,0,1015
2006-04-02 11:00:00.000 +0200,Mostly Cloudy,rain,14.94444444,14.94444444,0.67,7.1645,132,10.3523,0,1014.9
2006-04-02 12:00:00.000 +0200,Mostly Cloudy,rain,16.18333333,16.18333333,0.71,11.753,199,9.982,0,1014.35
2006-04-02 13:00:00.000 +0200,Partly Cloudy,rain,16.36666667,16.36666667,0.61,7.1323,227,11.27,0,1014.51
2006-04-02 14:00:00.000 +0200,Partly Cloudy,rain,17.37222222,17.37222222,0.57,3.6225,251,11.4471,0,1014.32
2006-04-02 15:00:00.000 +0200,Partly Cloudy,rain,17.67222222,17.67222222,0.51,1.7549,156,11.27,0,1013.93
2006-04-02 16:00:00.000 +0200,Partly Cloudy,rain,17.72222222,17.72222222,0.53,8.6779,113,11.27,0,1013.45
2006-04-02 17:00:00.000 +0200,Partly Cloudy,rain,16.23888889,16.23888889,0.61,2.8336,261,11.3988,0,1013.43
2006-04-02 18:00:00.000 +0200,Mostly Cloudy,rain,14.06666667,14.06666667,0.71,9.2414,357,11.2056,0,1013.58
2006-04-02 19:00:00.000 +0200,Partly Cloudy,rain,13.95555556,13.95555556,0.76,7.4221,147,11.2056,0,1013.24
2006-04-02 20:00:00.000 +0200,Partly Cloudy,rain,12.28888889,12.28888889,0.8,3.542,161,11.0285,0,1013.7
2006-04-02 21:00:00.000 +0200,Partly Cloudy,rain,10.02222222,10.02222222,0.86,3.1073,149,9.9015,0,1014.14
2006-04-02 22:00:00.000 +0200,Partly Cloudy,rain,9.377777778,8.65,0.86,6.44,190,15.6009,0,1014.34
2006-04-02 23:00:00.000 +0200,Partly Cloudy,rain,9.416666667,9.416666667,0.9,4.6046,138,14.7154,0,1014.6
2006-04-20 00:00:00.000 +0200,Partly Cloudy,rain,11.82777778,11.82777778,0.92,3.0268,311,15.8263,0,1011.68
2006-04-20 01:00:00.000 +0200,Foggy,rain,10.76111111,10.76111111,0.91,5.1681,178,0.6118,0,1011.98
2006-04-20 02:00:00.000 +0200,Mostly Cloudy,rain,12.15555556,12.15555556,0.95,2.8497,298,3.6386,0,1015.64
2006-04-20 03:00:00.000 +0200,Foggy,rain,9.672222222,9.188888889,0.94,5.7155,123,0.6118,0,1012.26
2006-04-20 04:00:00.000 +0200,Foggy,rain,8.15,7.15,0.94,6.762,10,0.6118,0,1012.63
2006-04-20 05:00:00.000 +0200,Foggy,rain,10.2,10.2,0.95,5.6189,133,1.1109,0,1012.62
2006-04-20 06:00:00.000 +0200,Foggy,rain,10.11666667,10.11666667,0.99,2.254,127,0.5152,0,1012.85
2006-04-20 07:00:00.000 +0200,Foggy,rain,10.16111111,10.16111111,0.99,0.3381,81,0.4347,0,1013.61
2006-04-20 08:00:00.000 +0200,Foggy,rain,11.24444444,11.24444444,0.98,2.7531,358,0.6923,0,1013.9
2006-04-20 09:00:00.000 +0200,Foggy,rain,12.24444444,12.24444444,0.99,2.254,152,2.2057,0,1014.31
2006-04-20 10:00:00.000 +0200,Overcast,rain,13.91111111,13.91111111,0.92,8.0983,135,4.2021,0,1014.43
2006-04-20 11:00:00.000 +0200,Partly Cloudy,rain,15.61666667,15.61666667,0.82,2.2862,153,6.3112,0,1014.73
2006-04-20 12:00:00.000 +0200,Partly Cloudy,rain,15.07222222,15.07222222,0.86,3.2844,120,6.3434,0,1014.92
2006-04-20 13:00:00.000 +0200,Partly Cloudy,rain,15.07222222,15.07222222,0.82,7.5992,162,8.1949,0,1014.73
2006-04-20 14:00:00.000 +0200,Overcast,rain,14.26666667,14.26666667,0.87,10.5616,134,6.8908,0,1014.92
2006-04-20 15:00:00.000 +0200,Mostly Cloudy,rain,16.01666667,16.01666667,0.81,6.6654,115,7.2772,0,1014.76
2006-04-20 16:00:00.000 +0200,Overcast,rain,15.02777778,15.02777778,0.86,7.7119,139,7.2772,0,1014.37
2006-04-20 17:00:00.000 +0200,Overcast,rain,13.94444444,13.94444444,0.89,7.2772,152,6.3112,0,1014.83
2006-04-20 18:00:00.000 +0200,Overcast,rain,12.91666667,12.91666667,0.95,11.4793,310,4.7495,0,1015.11
2006-04-20 19:00:00.000 +0200,Overcast,rain,12.89444444,12.89444444,0.95,5.2808,347,5.2164,0,1015.14
2006-04-20 20:00:00.000 +0200,Overcast,rain,12.4,12.4,0.98,2.3506,72,5.8282,0,1015.5
2006-04-20 21:00:00.000 +0200,Clear,rain,12.26666667,12.26666667,0.99,8.05,320,6.1985,0,1015.76
2006-04-20 22:00:00.000 +0200,Mostly Cloudy,rain,12.22222222,12.22222222,0.96,6.1985,349,6.1985,0,1016.35
2006-04-20 23:00:00.000 +0200,Mostly Cloudy,rain,11.25,11.25,0.96,2.7692,335,3.8318,0,1016.38
2006-04-21 00:00:00.000 +0200,Mostly Cloudy,rain,11.52777778,11.52777778,0.96,3.1556,358,4.508,0,1016.43
2006-04-21 01:00:00.000 +0200,Foggy,rain,11.53888889,11.53888889,0.96,5.9892,301,3.1234,0,1016.56
2006-04-21 02:00:00.000 +0200,Foggy,rain,9.438888889,8.85,0.96,5.9731,326,1.8032,0,1017.23
2006-04-21 03:00:00.000 +0200,Overcast,rain,11.43888889,11.43888889,0.96,6.279,340,3.8801,0,1016.17
2006-04-21 04:00:00.000 +0200,Overcast,rain,11.39444444,11.39444444,0.96,6.44,350,3.864,0,1016.25
2006-04-21 05:00:00.000 +0200,Overcast,rain,11.52777778,11.52777778,0.96,6.4239,332,3.2522,0,1016.13
2006-04-21 06:00:00.000 +0200,Foggy,rain,11.95,11.95,0.93,4.83,340,0.644,0,1016.17
2006-04-21 07:00:00.000 +0200,Foggy,rain,11.97222222,11.97222222,1,9.66,10,1.2558,0,1016.45
2006-04-21 08:00:00.000 +0200,Foggy,rain,12.63333333,12.63333333,0.96,7.6636,7,2.3506,0,1016.94
2006-04-21 09:00:00.000 +0200,Overcast,rain,12.75555556,12.75555556,0.96,7.9695,1,4.025,0,1017.06
2006-04-21 10:00:00.000 +0200,Overcast,rain,13.84444444,13.84444444,0.9,7.9212,30,4.4919,0,1017.45
2006-04-21 11:00:00.000 +0200,Overcast,rain,13.17222222,13.17222222,0.94,10.3845,8,6.2629,0,1017.77
2006-04-21 12:00:00.000 +0200,Mostly Cloudy,rain,15.06666667,15.06666667,0.86,8.1466,345,6.1985,0,1017.73
2006-04-21 13:00:00.000 +0200,Partly Cloudy,rain,17.24444444,17.24444444,0.75,7.1645,308,11.27,0,1017.53
2006-04-21 14:00:00.000 +0200,Partly Cloudy,rain,16.31666667,16.31666667,0.76,13.3469,352,11.0285,0,1017.31
2006-04-21 15:00:00.000 +0200,Partly Cloudy,rain,17.38333333,17.38333333,0.74,13.6206,353,11.27,0,1016.82
2006-04-21 16:00:00.000 +0200,Mostly Cloudy,rain,15.27222222,15.27222222,0.76,8.2754,85,11.27,0,1016.6
2006-04-21 17:00:00.000 +0200,Partly Cloudy,rain,17.45555556,17.45555556,0.72,5.2808,49,11.0768,0,1016.39
2006-04-21 18:00:00.000 +0200,Partly Cloudy,rain,16.22222222,16.22222222,0.77,11.1573,21,11.27,0,1016.33
2006-04-21 19:00:00.000 +0200,Partly Cloudy,rain,15.08333333,15.08333333,0.82,3.6869,23,11.27,0,1016.52
2006-04-21 20:00:00.000 +0200,Partly Cloudy,rain,13.99444444,13.99444444,0.88,1.1431,35,9.6278,0,1016.81
2006-04-21 21:00:00.000 +0200,Partly Cloudy,rain,12.17222222,12.17222222,0.92,0.6601,30,8.1305,0,1017.34
2006-04-21 22:00:00.000 +0200,Foggy,rain,11.08888889,11.08888889,0.95,4.8461,56,1.0626,0,1017.54
2006-04-21 23:00:00.000 +0200,Foggy,rain,11.09444444,11.09444444,0.95,3.381,11,1.7871,0,1017.43
2006-04-22 00:00:00.000 +0200,Foggy,rain,9.883333333,9.883333333,0.96,3.3649,349,1.0626,0,1017.65
2006-04-22 01:00:00.000 +0200,Clear,rain,9.355555556,8.633333333,0.96,6.4239,321,3.3649,0,1017.56
2006-04-22 02:00:00.000 +0200,Clear,rain,9.861111111,9.861111111,0.96,3.2361,319,4.4597,0,1016.16
2006-04-22 03:00:00.000 +0200,Foggy,rain,8.272222222,8.272222222,0.99,3.3166,313,1.9159,0,1017.16
2006-04-22 04:00:00.000 +0200,Foggy,rain,8.866666667,8.866666667,0.96,2.6243,337,1.7549,0,1017.15
2006-04-22 05:00:00.000 +0200,Foggy,rain,8.816666667,8.816666667,0.96,3.9445,335,2.3667,0,1017.28
2006-04-22 06:00:00.000 +0200,Foggy,rain,7.155555556,7.155555556,1,1.8515,319,0.2898,0,1017.15
2006-04-22 07:00:00.000 +0200,Foggy,rain,8.85,8.85,0.99,3.4776,295,1.7549,0,1017.36
2006-04-22 08:00:00.000 +0200,Foggy,rain,11.17777778,11.17777778,0.93,2.8819,285,2.5599,0,1017.7
2006-04-22 09:00:00.000 +0200,Mostly Cloudy,rain,12.38888889,12.38888889,0.98,3.4293,349,6.2951,0,1017.72
2006-04-22 10:00:00.000 +0200,Mostly Cloudy,rain,14.14444444,14.14444444,0.88,4.8783,339,9.982,0,1017.82
2006-04-22 11:00:00.000 +0200,Partly Cloudy,rain,17.1,17.1,0.72,3.059,308,11.0768,0,1017.77
2006-04-22 12:00:00.000 +0200,Partly Cloudy,rain,18.93888889,18.93888889,0.64,4.2021,306,11.27,0,1017.3
2006-04-22 13:00:00.000 +0200,Partly Cloudy,rain,17.91666667,17.91666667,0.68,4.0894,6,11.27,0,1016.9
2006-04-22 14:00:00.000 +0200,Partly Cloudy,rain,19.98333333,19.98333333,0.53,1.2236,72,11.1412,0,1016.4
2006-04-22 15:00:00.000 +0200,Partly Cloudy,rain,20.07222222,20.07222222,0.62,9.0643,352,11.27,0,1015.9
2006-04-22 16:00:00.000 +0200,Partly Cloudy,rain,20.07222222,20.07222222,0.56,9.4829,2,11.27,0,1015.29
2006-04-22 17:00:00.000 +0200,Partly Cloudy,rain,20.08333333,20.08333333,0.58,7.4865,15,11.3988,0,1014.9
2006-04-22 18:00:00.000 +0200,Partly Cloudy,rain,19.08888889,19.08888889,0.63,9.1287,23,11.2056,0,1014.68
2006-04-22 19:00:00.000 +0200,Partly Cloudy,rain,17.45,17.45,0.62,7.567,24,11.2056,0,1014.78
2006-04-22 20:00:00.000 +0200,Partly Cloudy,rain,15.56666667,15.56666667,0.74,0.5152,116,9.982,0,1015.04
2006-04-22 21:00:00.000 +0200,Clear,rain,12.49444444,12.49444444,0.91,3.9445,197,9.982,0,1015.51
2006-04-22 22:00:00.000 +0200,Clear,rain,12.24444444,12.24444444,0.89,1.5295,140,15.8263,0,1015.72
2006-04-22 23:00:00.000 +0200,Clear,rain,11.41666667,11.41666667,0.92,2.9624,275,14.9569,0,1015.79
2006-04-23 00:00:00.000 +0200,Clear,rain,10.55555556,10.55555556,0.95,6.0375,290,14.812,0,1015.83
2006-04-23 01:00:00.000 +0200,Clear,rain,10.46666667,10.46666667,0.93,3.0751,270,9.8049,0,1015.95
2006-04-23 02:00:00.000 +0200,Partly Cloudy,rain,10.25,10.25,0.95,5.2969,278,4.7495,0,1017.13
2006-04-23 03:00:00.000 +0200,Clear,rain,9.355555556,9.355555556,0.96,1.5295,100,4.025,0,1015.82
2006-04-23 04:00:00.000 +0200,Foggy,rain,8.311111111,8.311111111,0.96,3.22,300,2.0286,0,1015.82
2006-04-23 05:00:00.000 +0200,Foggy,rain,8.811111111,8.811111111,0.96,3.3971,333,1.7388,0,1015.89
2006-04-23 06:00:00.000 +0200,Foggy,rain,8.733333333,7.933333333,0.93,6.3434,304,0.7889,0,1015.83
2006-04-23 07:00:00.000 +0200,Partly Cloudy,rain,11.93333333,11.93333333,0.93,11.27,140,9.8049,0,1016.12
2006-04-23 08:00:00.000 +0200,Partly Cloudy,rain,14.51666667,14.51666667,0.84,1.7066,129,9.5473,0,1016.23
2006-04-23 09:00:00.000 +0200,Partly Cloudy,rain,18.73333333,18.73333333,0.68,3.22,300,9.982,0,1016.23
2006-04-23 10:00:00.000 +0200,Partly Cloudy,rain,20.02777778,20.02777778,0.6,7.245,160,9.982,0,1016.38
2006-04-23 11:00:00.000 +0200,Partly Cloudy,rain,21.03888889,21.03888889,0.55,6.4883,209,10.0303,0,1016.66
2006-04-23 12:00:00.000 +0200,Partly Cloudy,rain,20.73888889,20.73888889,0.46,6.5044,179,15.8746,0,1016.58
2006-04-23 13:00:00.000 +0200,Partly Cloudy,rain,22.31666667,22.31666667,0.48,7.5348,235,11.27,0,1016.27
2006-04-23 14:00:00.000 +0200,Partly Cloudy,rain,22.11111111,22.11111111,0.5,6.4561,145,11.4471,0,1015.96
2006-04-23 15:00:00.000 +0200,Partly Cloudy,rain,22.73333333,22.73333333,0.38,1.0143,262,10.0464,0,1015.34
2006-04-23 16:00:00.000 +0200,Partly Cloudy,rain,22.77777778,22.77777778,0.37,5.1842,90,10.0464,0,1014.7
2006-04-23 17:00:00.000 +0200,Partly Cloudy,rain,21.21666667,21.21666667,0.41,7.2772,58,11.4471,0,1015.2
2006-04-23 18:00:00.000 +0200,Partly Cloudy,rain,20.18333333,20.18333333,0.45,1.4812,179,10.0464,0,1014.87
2006-04-23 19:00:00.000 +0200,Partly Cloudy,rain,18.01111111,18.01111111,0.68,0.322,157,9.982,0,1014.78
2006-04-23 20:00:00.000 +0200,Partly Cloudy,rain,17.42222222,17.42222222,0.65,0.5313,139,9.982,0,1015.54
2006-04-23 21:00:00.000 +0200,Partly Cloudy,rain,13.96111111,13.96111111,0.82,0,0,9.982,0,1016.01
2006-04-23 22:00:00.000 +0200,Partly Cloudy,rain,13.28888889,13.28888889,0.89,2.8819,329,15.8263,0,1016.52
2006-04-23 23:00:00.000 +0200,Partly Cloudy,rain,12.32222222,12.32222222,0.89,2.4794,262,9.982,0,1016.96
2006-04-24 00:00:00.000 +0200,Partly Cloudy,rain,11.11666667,11.11666667,0.95,3.1717,268,6.2951,0,1017.04
2006-04-24 01:00:00.000 +0200,Partly Cloudy,rain,10.53333333,10.53333333,0.95,11.27,280,6.2951,0,1017.33
2006-04-24 02:00:00.000 +0200,Clear,rain,12.38333333,12.38333333,0.8,4.6207,172,14.168,0,1019.59
2006-04-24 03:00:00.000 +0200,Partly Cloudy,rain,9.861111111,9.861111111,0.96,3.0751,273,3.8318,0,1017.25
2006-04-24 04:00:00.000 +0200,Partly Cloudy,rain,8.872222222,8.872222222,0.95,1.5295,320,3.3649,0,1017.42
2006-04-24 05:00:00.000 +0200,Partly Cloudy,rain,8.672222222,8.672222222,0.94,3.6386,317,4.2826,0,1017.74
2006-04-24 06:00:00.000 +0200,Foggy,rain,7.688888889,7.688888889,1,0,0,0.7406,0,1018.13
2006-04-24 07:00:00.000 +0200,Clear,rain,10.91111111,10.91111111,0.99,1.61,210,4.1216,0,1018.62
2006-04-24 08:00:00.000 +0200,Clear,rain,14.83888889,14.83888889,0.82,2.6565,193,8.3398,0,1019.08
2006-04-24 09:00:00.000 +0200,Clear,rain,18.8,18.8,0.65,1.5295,140,9.982,0,1019.11
2006-04-24 10:00:00.000 +0200,Clear,rain,21.09444444,21.09444444,0.49,4.8783,199,9.982,0,1019.5
2006-04-24 11:00:00.000 +0200,Partly Cloudy,rain,22.02777778,22.02777778,0.49,4.2826,226,11.0285,0,1019.86
2006-04-24 12:00:00.000 +0200,Partly Cloudy,rain,22.82777778,22.82777778,0.47,3.6225,188,11.2056,0,1019.79
2006-04-24 13:00:00.000 +0200,Partly Cloudy,rain,22.91666667,22.91666667,0.37,4.5563,292,9.982,0,1019.47
2006-04-24 14:00:00.000 +0200,Partly Cloudy,rain,23.91666667,23.91666667,0.37,6.2951,154,10.3523,0,1019.25
2006-04-24 15:00:00.000 +0200,Partly Cloudy,rain,23.91111111,23.91111111,0.4,2.5599,333,9.982,0,1018.89
2006-04-24 16:00:00.000 +0200,Partly Cloudy,rain,23.93333333,23.93333333,0.37,4.347,178,9.982,0,1018.6
2006-04-24 17:00:00.000 +0200,Partly Cloudy,rain,23.91666667,23.91666667,0.32,1.1753,205,10.3523,0,1018.67
2006-04-24 18:00:00.000 +0200,Partly Cloudy,rain,22.82222222,22.82222222,0.44,3.1234,214,9.982,0,1018.59
2006-04-24 19:00:00.000 +0200,Partly Cloudy,rain,21.22777778,21.22777778,0.48,0.4025,181,9.982,0,1018.67
2006-04-24 20:00:00.000 +0200,Partly Cloudy,rain,19.07777778,19.07777778,0.51,2.6887,185,9.982,0,1019.22
2006-04-24 21:00:00.000 +0200,Partly Cloudy,rain,17.06111111,17.06111111,0.63,1.5778,228,9.982,0,1019.88
2006-04-24 22:00:00.000 +0200,Clear,rain,14.90555556,14.90555556,0.72,3.7513,136,15.8263,0,1019.91
2006-04-24 23:00:00.000 +0200,Clear,rain,13.08333333,13.08333333,0.87,3.4132,185,14.9569,0,1020.02
2006-04-25 00:00:00.000 +0200,Clear,rain,12.71111111,12.71111111,0.89,3.2522,169,15.8263,0,1020.11
2006-04-25 01:00:00.000 +0200,Clear,rain,12.12777778,12.12777778,0.89,3.1717,148,14.9086,0,1020.12
2006-04-25 02:00:00.000 +0200,Clear,rain,11.81111111,11.81111111,0.84,4.991,68,14.9569,0,1018.38
2006-04-25 03:00:00.000 +0200,Clear,rain,12.01666667,12.01666667,0.8,6.2629,169,14.9086,0,1019.91
2006-04-25 04:00:00.000 +0200,Clear,rain,12.04444444,12.04444444,0.8,6.4239,187,14.812,0,1020.03
2006-04-25 05:00:00.000 +0200,Partly Cloudy,rain,10.62777778,10.62777778,0.86,9.7083,151,14.0875,0,1020.39
2006-04-25 06:00:00.000 +0200,Clear,rain,9.911111111,8.688888889,0.99,9.1448,141,6.118,0,1020.6
2006-04-25 07:00:00.000 +0200,Mostly Cloudy,rain,12.55555556,12.55555556,0.9,7.7441,169,9.9015,0,1020.81
2006-04-25 08:00:00.000 +0200,Partly Cloudy,rain,15.00555556,15.00555556,0.78,8.7584,154,9.9015,0,1021.01
2006-04-25 09:00:00.000 +0200,Partly Cloudy,rain,17.33888889,17.33888889,0.74,12.1877,150,9.982,0,1020.94
2006-04-25 10:00:00.000 +0200,Partly Cloudy,rain,19.1,19.1,0.67,12.6224,150,9.982,0,1020.66
2006-04-25 11:00:00.000 +0200,Partly Cloudy,rain,21.26111111,21.26111111,0.57,9.9176,147,10.3523,0,1020.53
2006-04-25 12:00:00.000 +0200,Partly Cloudy,rain,22.41111111,22.41111111,0.54,11.4471,168,11.2056,0,1020.16
2006-04-25 13:00:00.000 +0200,Mostly Cloudy,rain,22.93888889,22.93888889,0.5,8.5491,155,11.2056,0,1019.95
2006-04-25 14:00:00.000 +0200,Mostly Cloudy,rain,23.92777778,23.92777778,0.47,11.3022,153,11.3988,0,1019.43
2006-04-25 15:00:00.000 +0200,Mostly Cloudy,rain,23.96111111,23.96111111,0.47,8.3076,142,9.982,0,1018.97
2006-04-25 16:00:00.000 +0200,Mostly Cloudy,rain,23.96111111,23.96111111,0.38,8.5813,150,9.982,0,1018.28
2006-04-25 17:00:00.000 +0200,Mostly Cloudy,rain,23.11111111,23.11111111,0.42,10.7065,145,10.3523,0,1017.97
2006-04-25 18:00:00.000 +0200,Mostly Cloudy,rain,22.82222222,22.82222222,0.44,12.4936,178,9.982,0,1017.68
2006-04-25 19:00:00.000 +0200,Mostly Cloudy,rain,21.11111111,21.11111111,0.47,5.2164,137,9.982,0,1017.89
2006-04-25 20:00:00.000 +0200,Mostly Cloudy,rain,18.18888889,18.18888889,0.58,4.8622,95,10.3523,0,1017.96
2006-04-25 21:00:00.000 +0200,Mostly Cloudy,rain,16.01666667,16.01666667,0.72,4.6046,50,9.982,0,1018.31
2006-04-25 22:00:00.000 +0200,Partly Cloudy,rain,15.46666667,15.46666667,0.72,6.44,80,15.8263,0,1018.6
2006-04-25 23:00:00.000 +0200,Partly Cloudy,rain,14.60555556,14.60555556,0.76,6.7459,83,14.9569,0,1018.65
2006-04-26 00:00:00.000 +0200,Clear,rain,13.31111111,13.31111111,0.82,3.542,73,15.8263,0,1018.44
2006-04-26 01:00:00.000 +0200,Clear,rain,12.73333333,12.73333333,0.83,3.0751,70,15.8263,0,1018.23
2006-04-26 02:00:00.000 +0200,Partly Cloudy,rain,13.78888889,13.78888889,0.77,6.0858,50,14.9569,0,1014.58
2006-04-26 03:00:00.000 +0200,Partly Cloudy,rain,10.57777778,10.57777778,0.88,6.44,190,15.8263,0,1018.11
2006-04-26 04:00:00.000 +0200,Partly Cloudy,rain,10.48333333,10.48333333,0.92,3.22,340,15.4721,0,1017.73
2006-04-26 05:00:00.000 +0200,Partly Cloudy,rain,10.28888889,10.28888889,0.91,3.7513,48,14.8764,0,1017.7
2006-04-26 06:00:00.000 +0200,Clear,rain,9.972222222,9.972222222,0.92,1.5617,106,10.9802,0,1017.62
2006-04-26 07:00:00.000 +0200,Mostly Cloudy,rain,13.63888889,13.63888889,0.9,2.7048,193,9.8049,0,1017.54
2006-04-26 08:00:00.000 +0200,Mostly Cloudy,rain,16.73888889,16.73888889,0.74,7.245,147,10.3523,0,1017.7
2006-04-26 09:00:00.000 +0200,Mostly Cloudy,rain,18.83888889,18.83888889,0.65,3.4132,94,9.982,0,1017.78
2006-04-26 10:00:00.000 +0200,Mostly Cloudy,rain,21.16111111,21.16111111,0.59,4.6046,178,9.982,0,1017.3
2006-04-26 11:00:00.000 +0200,Mostly Cloudy,rain,22.58888889,22.58888889,0.53,4.4275,117,10.4006,0,1017.19
2006-04-26 12:00:00.000 +0200,Mostly Cloudy,rain,22.89444444,22.89444444,0.48,7.6636,53,11.27,0,1016.68
2006-04-26 13:00:00.000 +0200,Mostly Cloudy,rain,24.00555556,24.00555556,0.47,9.66,82,11.2056,0,1016.08
2006-04-26 14:00:00.000 +0200,Mostly Cloudy,rain,24.00555556,24.00555556,0.35,8.0017,70,11.3988,0,1015.62
2006-04-26 15:00:00.000 +0200,Mostly Cloudy,rain,23.97777778,23.97777778,0.44,9.2897,136,11.2056,0,1014.86
2006-04-26 16:00:00.000 +0200,Mostly Cloudy,rain,25.04444444,25.04444444,0.32,3.5903,185,11.2056,0,1013.97
2006-04-26 17:00:00.000 +0200,Mostly Cloudy,rain,24.07777778,24.07777778,0.35,4.9588,101,10.3523,0,1013.39
2006-04-26 18:00:00.000 +0200,Mostly Cloudy,rain,22.38333333,22.38333333,0.45,9.4829,102,9.982,0,1013.18
2006-04-26 19:00:00.000 +0200,Mostly Cloudy,rain,21.20555556,21.20555556,0.52,3.6869,101,9.982,0,1013.21
2006-04-26 20:00:00.000 +0200,Mostly Cloudy,rain,18.26111111,18.26111111,0.62,6.2146,28,10.3523,0,1013.75
2006-04-26 21:00:00.000 +0200,Mostly Cloudy,rain,17.2,17.2,0.67,14.49,30,9.982,0,1014.13
2006-04-26 22:00:00.000 +0200,Partly Cloudy,rain,15.99444444,15.99444444,0.75,3.1073,54,9.982,0,1014.13
2006-04-26 23:00:00.000 +0200,Clear,rain,15.96111111,15.96111111,0.79,12.2843,23,11.9301,0,1014.06
2006-04-27 00:00:00.000 +0200,Mostly Cloudy,rain,15.44444444,15.44444444,0.72,13.846,31,15.8263,0,1013.92
2006-04-27 01:00:00.000 +0200,Partly Cloudy,rain,14.37222222,14.37222222,0.75,10.9963,52,15.8263,0,1013.82
2006-04-27 02:00:00.000 +0200,Mostly Cloudy,rain,13.60555556,13.60555556,0.9,9.982,53,12.0428,0,1012.67
2006-04-27 03:00:00.000 +0200,Partly Cloudy,rain,12.82222222,12.82222222,0.82,6.2468,48,15.8263,0,1013.04
2006-04-27 04:00:00.000 +0200,Partly Cloudy,rain,12.75,12.75,0.83,3.3488,72,15.8263,0,1013.03
2006-04-27 05:00:00.000 +0200,Partly Cloudy,rain,11.41666667,11.41666667,0.92,6.2307,38,15.2628,0,1012.98
2006-04-27 06:00:00.000 +0200,Partly Cloudy,rain,12.33333333,12.33333333,0.86,2.4633,139,9.982,0,1012.83
2006-04-27 07:00:00.000 +0200,Mostly Cloudy,rain,14.90555556,14.90555556,0.78,10.2879,160,9.982,0,1013.03
2006-04-27 08:00:00.000 +0200,Mostly Cloudy,rain,15.89444444,15.89444444,0.74,10.2879,154,9.982,0,1013.13
2006-04-27 09:00:00.000 +0200,Mostly Cloudy,rain,17.22777778,17.22777778,0.72,12.0589,147,9.982,0,1013.13
2006-04-27 10:00:00.000 +0200,Mostly Cloudy,rain,17.82777778,17.82777778,0.73,7.4704,166,9.982,0,1013.1
2006-04-27 11:00:00.000 +0200,Mostly Cloudy,rain,17.91666667,17.91666667,0.72,10.0947,158,9.982,0,1013.17
2006-04-27 12:00:00.000 +0200,Mostly Cloudy,rain,19.05555556,19.05555556,0.67,9.0965,128,9.982,0,1013
2006-04-27 13:00:00.000 +0200,Mostly Cloudy,rain,20.14444444,20.14444444,0.67,7.5187,177,9.982,0,1012.69
2006-04-27 14:00:00.000 +0200,Mostly Cloudy,rain,20.26111111,20.26111111,0.62,3.8962,166,9.982,0,1012.54
2006-04-27 15:00:00.000 +0200,Mostly Cloudy,rain,21.20555556,21.20555556,0.62,4.6368,170,9.982,0,1011.87
2006-04-27 16:00:00.000 +0200,Overcast,rain,21.25555556,21.25555556,0.67,4.8944,164,9.982,0,1011.19
2006-04-27 17:00:00.000 +0200,Overcast,rain,20.23333333,20.23333333,0.66,7.2128,161,9.982,0,1011.17
2006-04-27 18:00:00.000 +0200,Overcast,rain,19.07777778,19.07777778,0.71,7.6475,153,9.982,0,1011.08
2006-04-27 19:00:00.000 +0200,Mostly Cloudy,rain,17.94444444,17.94444444,0.77,10.5777,142,9.982,0,1011.28
2006-04-27 20:00:00.000 +0200,Mostly Cloudy,rain,15.49444444,15.49444444,0.82,20.608,151,11.0285,0,1012.08
2006-04-27 21:00:00.000 +0200,Mostly Cloudy,rain,14.14444444,14.14444444,0.89,8.4364,146,9.9015,0,1012.64
2006-04-27 22:00:00.000 +0200,Mostly Cloudy,rain,14.53888889,14.53888889,0.86,11.0768,103,11.8979,0,1012.79
2006-04-27 23:00:00.000 +0200,Mostly Cloudy,rain,14.13888889,14.13888889,0.86,3.6708,142,11.6886,0,1012.79
2006-04-28 00:00:00.000 +0200,Mostly Cloudy,rain,13.4,13.4,0.9,3.5098,116,11.9784,0,1012.56
2006-04-28 01:00:00.000 +0200,Mostly Cloudy,rain,13.42777778,13.42777778,0.9,3.3488,71,11.9784,0,1012.8
2006-04-28 02:00:00.000 +0200,Partly Cloudy,rain,11.58888889,11.58888889,0.74,5.474,139,14.9569,0,1009.9
2006-04-28 03:00:00.000 +0200,Mostly Cloudy,rain,14.42222222,14.42222222,0.83,10.7709,63,14.9086,0,1011.91
2006-04-28 04:00:00.000 +0200,Mostly Cloudy,rain,13.91666667,13.91666667,0.86,10.6904,72,14.812,0,1011.72
2006-04-28 05:00:00.000 +0200,Mostly Cloudy,rain,13.4,13.4,0.9,10.3201,82,14.0875,0,1011.51
2006-04-28 06:00:00.000 +0200,Overcast,rain,13.86666667,13.86666667,0.9,7.9373,106,9.9015,0,1011.51
2006-04-28 07:00:00.000 +0200,Mostly Cloudy,rain,14.90555556,14.90555556,0.84,11.27,108,9.7566,0,1011.6
2006-04-28 08:00:00.000 +0200,Mostly Cloudy,rain,15.93333333,15.93333333,0.74,10.6743,132,9.4346,0,1011.59
2006-04-28 09:00:00.000 +0200,Mostly Cloudy,rain,17.12777778,17.12777778,0.65,19.8996,138,9.9015,0,1011.41
2006-04-28 10:00:00.000 +0200,Mostly Cloudy,rain,18.75,18.75,0.58,19.4166,157,9.9015,0,1011.2
2006-04-28 11:00:00.000 +0200,Mostly Cloudy,rain,18.96111111,18.96111111,0.6,17.0499,147,9.982,0,1011.25
2006-04-28 12:00:00.000 +0200,Mostly Cloudy,rain,19.99444444,19.99444444,0.54,16.8728,136,10.0464,0,1010.98
2006-04-28 13:00:00.000 +0200,Mostly Cloudy,rain,21.11111111,21.11111111,0.5,17.3397,129,10.0464,0,1010.48
2006-04-28 14:00:00.000 +0200,Mostly Cloudy,rain,21.09444444,21.09444444,0.46,21.9604,140,10.4006,0,1010.24
2006-04-28 15:00:00.000 +0200,Partly Cloudy,rain,21.17777778,21.17777778,0.43,19.8191,157,10.0464,0,1009.55
2006-04-28 16:00:00.000 +0200,Partly Cloudy,rain,21.22777778,21.22777778,0.41,16.4703,156,11.27,0,1009.04
2006-04-28 17:00:00.000 +0200,Partly Cloudy,rain,20.1,20.1,0.45,13.7977,137,11.4471,0,1008.55
2006-04-28 18:00:00.000 +0200,Mostly Cloudy,rain,19.02777778,19.02777778,0.51,9.7888,147,11.27,0,1008.17
